Цена,Ссылка на светильник
3190руб.,https://www.divan.ru/product/podvesnoj-svetilnik-sanset-black
3990руб.,https://www.divan.ru/product/nastolnaya-lampa-mashrum-gold
14 490руб.,https://www.divan.ru/product/torsher-billi-black
15 990руб.,https://www.divan.ru/product/podvesnoj-svetilnik-babl-9
6190руб.,https://www.divan.ru/product/torsher-babl-1
6190руб.,https://www.divan.ru/product/podvesnoj-svetilnik-babl-3
1890руб.,https://www.divan.ru/product/bra-babl-black
4590руб.,https://www.divan.ru/product/nastolnaya-lampa-dendi-black
3990руб.,https://www.divan.ru/product/nastolnaya-lampa-dendi-white
6190руб.,https://www.divan.ru/product/torsher-vario-white
890руб.,https://www.divan.ru/product/bra-vario-black
890руб.,https://www.divan.ru/product/bra-vario-white
3190руб.,https://www.divan.ru/product/podvesnoj-svetilnik-sanset-white
2690руб.,https://www.divan.ru/product/podvesnoj-svetilnik-kendel-black
1990руб.,https://www.divan.ru/product/podvesnoj-svetilnik-kendel-white
9990руб.,https://www.divan.ru/product/torsher-vena-beige
4790руб.,https://www.divan.ru/product/nastolnaya-lampa-sfera-orange
15 990руб.,https://www.divan.ru/product/torsher-oslo-black
2590руб.,https://www.divan.ru/product/podvesnoj-svetilnik-kaya-black
9990руб.,https://www.divan.ru/product/torsher-vena-black
2590руб.,https://www.divan.ru/product/podvesnoj-svetilnik-kaya-white
15 990руб.,https://www.divan.ru/product/torsher-oslo-white
4690руб.,https://www.divan.ru/product/nastolnaya-lampa-skandi-white
3990руб.,https://www.divan.ru/product/nastolnaya-lampa-grover-glass
4190руб.,https://www.divan.ru/product/nastolnaya-lampa-sfera-black
3190руб.,https://www.divan.ru/product/nastolnaya-lampa-mashrum-grey
990руб.,https://www.divan.ru/product/nastolnaya-lampa-spajk-green
13 990руб.,https://www.divan.ru/product/torsher-klaud-white
11 590руб.,https://www.divan.ru/product/nastolnaya-lampa-klaud-white
2990руб.,https://www.divan.ru/product/nastolnaya-lampa-rej-black
4990руб.,https://www.divan.ru/product/torsher-rej-white
4990руб.,https://www.divan.ru/product/torsher-rej-black
990руб.,https://www.divan.ru/product/nastolnaya-lampa-spajk-orange
3290руб.,https://www.divan.ru/product/podvesnoj-svetilnik-portland-black
2990руб.,https://www.divan.ru/product/nastolnaya-lampa-gross-white
4990руб.,https://www.divan.ru/product/torsher-mun-black
14 490руб.,https://www.divan.ru/product/torsher-billi-white
6190руб.,https://www.divan.ru/product/torsher-vario-black
5990руб.,https://www.divan.ru/product/nastolnaya-lampa-raffi-round
5190руб.,https://www.divan.ru/product/torsher-gross-white
9490руб.,https://www.divan.ru/product/torsher-raffi-round
3390руб.,https://www.divan.ru/product/bra-moderli-alina
11 690руб.,https://www.divan.ru/product/podvesnoj-svetilnik-maro-green
2990руб.,https://www.divan.ru/product/nastolnaya-lampa-rej-white
3290руб.,https://www.divan.ru/product/bra-tarbes-2
4990руб.,https://www.divan.ru/product/svetilnik-potolochnyj-matthew
2990руб.,https://www.divan.ru/product/nastolnaya-lampa-junior-4
11 390руб.,https://www.divan.ru/product/torsher-shani-black
